,DEKF,UKF,EKF,AEKF,WLS
East,0.32971552938430204,0.45124034032137655,0.6289423026330991,0.457334647415903,0.44227558767229963
North,0.7310282356069651,1.1309602714069829,0.9370087241675179,1.2625596849053626,1.2321171448971497
Up,2.015808197446972,2.4050263463343056,2.5703774113435975,2.535803288824147,2.7614144144489607
