,DEKF,UKF,EKF,AEKF,WLS
East,1.9030456723744433,2.003227545035961,1.9612084745738936,1.9552395570768635,1.9964047682747619
North,0.43193982536912834,0.036833717449198854,0.125020616845664,0.09650686991690387,0.021415605745015904
Up,1.9956922751930861,4.515089173846822,4.88523156730166,4.953829227273257,4.75888159566169
